Date,Symbol,Series,Prev Close,Open,High,Low,Last,Close,VWAP,Volume,Turnover,Trades,Deliverable Volume,%Deliverble
2020-01-01,ONMOBILE,EQ,30.55,30.85,31.1,30.1,30.6,30.5,30.68,57405,176117865000.0,392,30746,0.5356000000000001
2020-01-02,ONMOBILE,EQ,30.5,30.9,32.6,30.4,31.55,31.6,31.52,160300,505324640000.00006,1214,72669,0.4533
2020-01-03,ONMOBILE,EQ,31.6,31.4,32.45,30.8,31.0,31.0,31.43,107410,337621640000.0,569,68427,0.6371
2020-01-06,ONMOBILE,EQ,31.0,31.15,31.15,29.5,29.6,29.7,29.89,129874,388233715000.0,817,95661,0.7366
2020-01-07,ONMOBILE,EQ,29.7,30.0,30.8,29.75,30.05,29.9,30.0,80123,240348765000.0,503,54261,0.6772
2020-01-08,ONMOBILE,EQ,29.9,29.9,30.4,29.55,30.1,30.15,30.02,69523,208725890000.0,415,38390,0.5522
2020-01-09,ONMOBILE,EQ,30.15,30.9,30.9,30.05,30.3,30.25,30.35,70008,212507090000.0,563,38675,0.5524
2020-01-10,ONMOBILE,EQ,30.25,30.2,31.35,30.2,30.4,30.3,30.7,127028,389931355000.0,859,57428,0.4521
2020-01-13,ONMOBILE,EQ,30.3,30.3,33.4,30.3,33.25,32.75,32.36,647347,2094743805000.0,2716,233838,0.36119999999999997
2020-01-14,ONMOBILE,EQ,32.75,33.35,34.5,31.4,31.75,31.9,33.25,575397,1913281035000.0002,2733,253278,0.44020000000000004
2020-01-15,ONMOBILE,EQ,31.9,32.0,32.3,31.3,31.6,31.6,31.62,74528,235694479999.99997,525,53645,0.7198000000000001
2020-01-16,ONMOBILE,EQ,31.6,31.6,33.2,31.6,32.35,32.2,32.42,191455,620678045000.0,1008,113539,0.593
2020-01-17,ONMOBILE,EQ,32.2,32.8,32.8,31.05,31.25,31.65,31.79,99401,316043745000.0,781,63757,0.6414
2020-01-20,ONMOBILE,EQ,31.65,32.3,32.3,30.9,30.9,31.05,31.3,48407,151535435000.0,383,36692,0.758
2020-01-21,ONMOBILE,EQ,31.05,31.8,31.8,30.35,30.9,30.85,30.88,71665,221288335000.0,547,53641,0.7484999999999999
2020-01-22,ONMOBILE,EQ,30.85,31.3,31.35,29.3,29.85,29.85,30.01,296439,889744775000.0,1158,142112,0.4794
2020-01-23,ONMOBILE,EQ,29.85,29.8,30.5,29.55,30.0,29.9,30.07,57417,172634765000.0,397,33245,0.579
2020-01-24,ONMOBILE,EQ,29.9,30.0,30.8,29.7,30.45,30.45,30.43,83335,253585929999.99997,609,52921,0.635
2020-01-27,ONMOBILE,EQ,30.45,30.3,30.8,29.8,30.2,30.0,30.09,67074,201814150000.0,454,42394,0.632
2020-01-28,ONMOBILE,EQ,30.0,29.65,30.2,29.25,29.5,29.55,29.7,61594,182923775000.0,427,47114,0.7648999999999999
2020-01-29,ONMOBILE,EQ,29.55,29.85,30.2,29.4,29.7,29.6,29.73,90231,268284800000.0,386,61513,0.6817000000000001
2020-01-30,ONMOBILE,EQ,29.6,29.9,30.2,29.25,29.5,29.55,29.72,82419,244926979999.99997,614,33297,0.40399999999999997
2020-01-31,ONMOBILE,EQ,29.55,29.5,29.95,29.3,29.55,29.5,29.56,46694,138009835000.0,307,30148,0.6456999999999999
2020-02-01,ONMOBILE,EQ,29.5,29.4,29.7,28.75,29.0,28.85,29.19,64080,187060675000.0,513,41559,0.6485
2020-02-03,ONMOBILE,EQ,28.85,29.05,29.5,27.05,27.4,27.55,28.42,192163,546111359999.99994,842,120819,0.6287
2020-02-04,ONMOBILE,EQ,27.55,27.85,28.6,27.6,27.9,27.8,28.09,68455,192319645000.0,759,35066,0.5122
2020-02-05,ONMOBILE,EQ,27.8,28.5,28.5,27.8,28.05,28.15,28.18,43504,122599005000.0,381,24650,0.5666
2020-02-06,ONMOBILE,EQ,28.15,28.75,29.5,28.1,28.75,28.7,28.63,52863,151336180000.0,485,36054,0.682
2020-02-07,ONMOBILE,EQ,28.7,29.05,29.7,28.5,28.7,28.65,29.11,82699,240718375000.0,505,53414,0.6459
2020-02-10,ONMOBILE,EQ,28.65,28.5,29.2,28.1,28.75,28.9,28.65,51534,147637850000.0,494,31189,0.6052000000000001
2020-02-11,ONMOBILE,EQ,28.9,29.0,29.0,28.25,28.45,28.5,28.5,552729,1575472320000.0,290,539952,0.9769
2020-02-12,ONMOBILE,EQ,28.5,28.95,28.95,28.1,28.15,28.2,28.23,545803,1540611055000.0,268,531017,0.9729000000000001
2020-02-13,ONMOBILE,EQ,28.2,28.05,28.45,27.75,28.45,28.1,28.09,405184,1138257050000.0,582,382493,0.9440000000000001
2020-02-14,ONMOBILE,EQ,28.1,28.0,28.75,27.75,28.2,28.35,28.33,579407,1641263170000.0,486,551382,0.9516
2020-02-17,ONMOBILE,EQ,28.35,28.65,29.1,27.05,27.05,27.25,27.37,607250,1661854100000.0,755,567454,0.9345
2020-02-18,ONMOBILE,EQ,27.25,27.4,27.4,26.2,26.75,26.65,26.71,573051,1530538235000.0,506,550288,0.9603
2020-02-19,ONMOBILE,EQ,26.65,26.55,27.0,26.25,27.0,26.85,26.82,283913,761506040000.0,327,264723,0.9324
2020-02-20,ONMOBILE,EQ,26.85,27.0,27.75,26.5,27.45,27.25,27.08,555959,1505691580000.0,352,532343,0.9575
2020-02-24,ONMOBILE,EQ,27.25,27.0,27.4,25.8,26.2,26.05,26.3,61960,162926115000.0,517,36968,0.5966
2020-02-25,ONMOBILE,EQ,26.05,26.45,26.8,26.05,26.35,26.45,26.46,26174,69253375000.0,205,17470,0.6675
2020-02-26,ONMOBILE,EQ,26.45,26.7,26.7,25.95,25.95,26.05,26.12,24393,63719980000.00001,251,19145,0.7848999999999999
2020-02-27,ONMOBILE,EQ,26.05,26.05,26.05,25.05,25.15,25.25,25.3,35459,89699225000.0,373,22836,0.644
2020-02-28,ONMOBILE,EQ,25.25,24.95,24.95,23.0,23.0,23.05,23.47,137888,323640140000.0,778,95565,0.6931
2020-03-02,ONMOBILE,EQ,23.05,23.35,24.3,23.25,23.25,23.45,23.89,39377,94090760000.0,327,30097,0.7643000000000001
2020-03-03,ONMOBILE,EQ,23.45,23.6,24.1,23.6,24.0,23.95,23.8,39795,94703370000.0,186,34278,0.8614
2020-03-04,ONMOBILE,EQ,23.95,24.3,24.5,23.3,23.55,23.55,23.71,26805,63554785000.0,271,19510,0.7278
2020-03-05,ONMOBILE,EQ,23.55,23.9,24.6,23.05,24.1,23.95,23.73,29261,69447020000.0,249,17641,0.6029
2020-03-06,ONMOBILE,EQ,23.95,23.45,23.45,22.5,22.75,22.7,22.72,44658,101451735000.0,351,30476,0.6824
2020-03-09,ONMOBILE,EQ,22.7,21.65,22.0,18.45,19.15,19.0,20.05,323487,648564445000.0,1048,223127,0.6898000000000001
2020-03-11,ONMOBILE,EQ,19.0,19.7,20.45,19.0,19.0,19.15,19.52,95680,186730780000.0,612,74235,0.7759
2020-03-12,ONMOBILE,EQ,19.15,17.4,18.5,15.35,15.35,16.15,16.58,240593,399005325000.0,947,180145,0.7488
2020-03-13,ONMOBILE,EQ,16.15,13.7,18.2,12.95,18.0,17.8,15.9,271687,432073750000.0,1164,176564,0.6498999999999999
2020-03-16,ONMOBILE,EQ,17.8,18.95,19.9,17.25,18.0,18.65,18.48,731373,1351292265000.0,622,688550,0.9414
2020-03-17,ONMOBILE,EQ,18.65,19.6,19.6,18.2,19.0,19.15,18.91,76558,144766745000.0,340,58677,0.7664
2020-03-18,ONMOBILE,EQ,19.15,19.1,19.1,17.35,18.0,17.95,17.94,1125740,2019312914999.9998,446,1109810,0.9858
2020-03-19,ONMOBILE,EQ,17.95,17.65,17.9,14.4,14.4,15.3,15.78,125188,197574910000.0,937,102844,0.8215000000000001
2020-03-20,ONMOBILE,EQ,15.3,14.9,15.4,13.75,15.0,14.9,14.48,328976,476198659999.99994,1236,229599,0.6979000000000001
2020-03-23,ONMOBILE,EQ,14.9,14.5,14.75,12.45,14.2,13.7,13.67,80372,109883710000.00002,475,64727,0.8053
2020-03-24,ONMOBILE,EQ,13.7,13.1,15.05,12.8,14.7,14.5,14.18,67221,95314815000.0,588,48649,0.7237
2020-03-25,ONMOBILE,EQ,14.5,14.55,15.2,13.6,15.1,14.85,14.81,108522,160705900000.0,746,87002,0.8017000000000001
2020-03-26,ONMOBILE,EQ,14.85,15.7,16.25,15.0,16.1,16.1,15.62,102819,160635330000.0,465,80452,0.7825
2020-03-27,ONMOBILE,EQ,16.1,17.8,17.8,14.6,15.5,15.15,15.46,105028,162392130000.0,1041,66947,0.6374000000000001
2020-03-30,ONMOBILE,EQ,15.15,14.5,15.75,14.3,14.65,14.5,14.84,82630,122598320000.0,337,72489,0.8773000000000001
2020-03-31,ONMOBILE,EQ,14.5,15.9,15.9,14.05,14.1,14.1,14.35,153407,220064825000.0,702,124861,0.8139000000000001
2020-04-01,ONMOBILE,EQ,14.1,14.3,15.2,14.2,15.15,15.05,14.78,46062,68077810000.0,407,31697,0.6881
2020-04-03,ONMOBILE,EQ,15.05,15.05,18.05,14.7,18.05,18.05,17.45,701247,1224000950000.0,1542,383507,0.5468999999999999
2020-04-07,ONMOBILE,EQ,18.05,21.65,21.65,21.65,21.65,21.65,21.65,60038,129982270000.0,213,60038,1.0
2020-04-08,ONMOBILE,EQ,21.65,23.8,23.8,23.8,23.8,23.8,23.8,54945,130769100000.0,182,54945,1.0
2020-04-09,ONMOBILE,EQ,23.8,26.15,26.15,24.5,26.15,26.15,25.84,691417,1786408180000.0,2625,512191,0.7408
2020-04-13,ONMOBILE,EQ,26.15,24.95,24.95,23.65,24.25,24.1,24.14,323831,781591870000.0,1962,211768,0.6539
2020-04-15,ONMOBILE,EQ,24.1,24.1,24.95,23.15,24.05,24.05,23.97,181816,435739075000.0,951,123166,0.6774
2020-04-16,ONMOBILE,EQ,24.05,25.45,25.9,24.55,25.0,25.05,25.19,211809,533581975000.0,1530,115133,0.5436
2020-04-17,ONMOBILE,EQ,25.05,25.3,25.9,24.15,24.6,24.55,24.83,156564,388748390000.0,1182,91773,0.5861999999999999
2020-04-20,ONMOBILE,EQ,24.55,25.0,25.0,24.5,24.95,24.7,24.7,81613,201616950000.0,295,71257,0.8731
2020-04-21,ONMOBILE,EQ,24.7,23.75,24.75,23.75,24.4,24.3,24.31,69975,170125800000.0,301,63166,0.9027
2020-04-22,ONMOBILE,EQ,24.3,24.95,24.95,24.1,24.8,24.75,24.54,61724,151452765000.0,222,51692,0.8375
2020-04-23,ONMOBILE,EQ,24.75,25.0,25.45,24.55,25.0,25.1,25.09,66685,167292360000.0,376,50519,0.7576
2020-04-24,ONMOBILE,EQ,25.1,25.0,25.95,24.55,25.25,25.25,25.3,138368,350025165000.0,393,104905,0.7582
2020-04-27,ONMOBILE,EQ,25.25,25.95,25.95,25.1,25.6,25.55,25.53,92656,236514254999.99997,339,59634,0.6436000000000001
2020-04-28,ONMOBILE,EQ,25.55,25.7,26.1,25.15,25.95,25.9,25.73,131058,337197270000.0,377,93048,0.71
2020-04-29,ONMOBILE,EQ,25.9,25.9,26.45,25.6,26.0,26.05,26.16,68381,178905195000.0,276,50091,0.7325
2020-04-30,ONMOBILE,EQ,26.05,25.25,26.5,25.25,26.0,25.9,25.86,59998,155177210000.0,250,48450,0.8075
2020-05-04,ONMOBILE,EQ,25.9,24.5,25.7,24.5,25.6,25.45,25.38,69332,175979605000.0,260,43288,0.6244
2020-05-05,ONMOBILE,EQ,25.45,25.85,26.5,25.25,26.25,26.25,26.13,99944,261199840000.0,311,68358,0.684
2020-05-06,ONMOBILE,EQ,26.25,26.5,26.5,25.55,26.25,26.3,26.21,160297,420072055000.0,204,135412,0.8448000000000001
2020-05-07,ONMOBILE,EQ,26.3,26.3,26.8,25.55,26.55,26.7,26.58,150356,399659025000.0,424,110994,0.7382
2020-05-08,ONMOBILE,EQ,26.7,26.75,26.95,26.1,26.9,26.9,26.83,199671,535627820000.0,261,180088,0.9019
2020-05-11,ONMOBILE,EQ,26.9,27.0,27.0,26.35,26.55,26.45,26.64,24900,66329060000.0,164,18703,0.7511
2020-05-12,ONMOBILE,EQ,26.45,26.85,27.2,25.85,27.0,27.1,26.8,125942,337578070000.0,284,92411,0.7338
2020-05-13,ONMOBILE,EQ,27.1,27.5,27.95,26.2,27.95,27.9,27.73,582825,1616441925000.0,432,514899,0.8835
2020-05-14,ONMOBILE,EQ,27.9,27.8,27.95,27.2,27.95,27.9,27.76,162280,450412300000.0,171,150915,0.93
2020-05-15,ONMOBILE,EQ,27.9,27.95,27.95,27.6,27.95,27.95,27.87,78941,220007779999.99997,157,57704,0.731
2020-05-18,ONMOBILE,EQ,27.95,27.45,27.9,27.3,27.5,27.65,27.52,79792,219604350000.0,213,48632,0.6095
2020-05-19,ONMOBILE,EQ,27.65,27.35,27.9,27.35,27.65,27.75,27.74,80868,224347715000.0,245,42114,0.5208
2020-05-20,ONMOBILE,EQ,27.75,27.55,28.05,27.45,27.95,27.95,27.9,207641,579248585000.0,179,190855,0.9192
2020-05-21,ONMOBILE,EQ,27.95,29.75,29.75,27.75,27.95,28.0,28.89,305919,883759610000.0,937,221025,0.7225
2020-05-22,ONMOBILE,EQ,28.0,27.95,28.05,27.15,28.0,27.95,27.85,71171,198217745000.0,213,55988,0.7867000000000001
2020-05-26,ONMOBILE,EQ,27.95,28.2,29.5,28.0,28.0,28.05,28.55,75259,214881835000.0,263,38420,0.5105
2020-05-27,ONMOBILE,EQ,28.05,28.45,28.55,27.95,28.2,28.05,28.06,46180,129602864999.99998,159,37041,0.8020999999999999
2020-05-28,ONMOBILE,EQ,28.05,28.0,28.25,27.55,28.1,28.0,28.01,147123,412050080000.0,190,144846,0.9845
2020-05-29,ONMOBILE,EQ,28.0,28.35,28.35,27.6,28.0,28.0,27.97,185033,517624259999.99994,233,171735,0.9281
2020-06-01,ONMOBILE,EQ,28.0,28.0,28.75,27.7,28.0,28.0,28.07,45113,126646080000.0,205,39515,0.8759
2020-06-02,ONMOBILE,EQ,28.0,28.5,28.6,27.8,28.2,28.1,28.12,33328,93717925000.0,162,25876,0.7764
2020-06-03,ONMOBILE,EQ,28.1,28.45,28.45,27.6,27.6,27.85,28.07,37565,105445730000.0,246,29193,0.7770999999999999
2020-06-04,ONMOBILE,EQ,27.85,27.15,28.45,27.15,28.1,27.95,27.9,125775,350884240000.0,227,95274,0.7575000000000001
2020-06-05,ONMOBILE,EQ,27.95,28.25,28.3,27.7,27.8,27.95,28.0,146854,411207630000.0,229,129570,0.8823000000000001
2020-06-08,ONMOBILE,EQ,27.95,28.45,29.5,27.0,28.65,28.85,28.75,101432,291653125000.0,438,71106,0.701
2020-06-09,ONMOBILE,EQ,28.85,29.25,29.5,28.15,28.2,28.25,28.77,38499,110770655000.0,270,26990,0.7011000000000001
2020-06-10,ONMOBILE,EQ,28.25,27.75,28.7,27.6,28.5,28.4,28.17,32600,91844995000.0,217,24127,0.7401000000000001
2020-06-11,ONMOBILE,EQ,28.4,28.5,30.0,28.3,29.0,28.75,29.16,120698,351898120000.0,540,83180,0.6892
2020-06-12,ONMOBILE,EQ,28.75,27.4,28.5,27.4,28.15,28.2,28.23,49545,139860815000.0,262,35624,0.7190000000000001
2020-06-15,ONMOBILE,EQ,28.2,27.5,29.25,27.5,29.25,28.65,28.59,58082,166073595000.0,319,36973,0.6365999999999999
2020-06-16,ONMOBILE,EQ,28.65,29.4,29.7,27.8,28.2,28.15,28.3,81083,229493240000.0,444,54104,0.6673
2020-06-17,ONMOBILE,EQ,28.15,27.8,29.0,27.8,28.25,28.4,28.6,36069,103146410000.0,229,27352,0.7583
2020-06-18,ONMOBILE,EQ,28.4,29.0,29.4,28.65,29.0,29.05,28.98,84020,243503165000.0,583,54597,0.6498
2020-06-19,ONMOBILE,EQ,29.05,29.1,29.55,28.4,28.5,28.6,28.84,79911,230432450000.0,422,58858,0.7365
2020-06-22,ONMOBILE,EQ,28.6,29.0,31.2,28.65,30.6,30.55,30.1,268318,807750415000.0,1312,151076,0.563
2020-06-23,ONMOBILE,EQ,30.55,32.0,32.3,30.5,30.55,30.65,31.45,514455,1617925265000.0,2131,258806,0.8795999999999999
2020-06-24,ONMOBILE,EQ,30.65,32.0,32.0,30.05,30.25,30.35,31.19,169841,529787009999.99994,1168,116178,0.684
2020-06-25,ONMOBILE,EQ,30.35,30.95,31.0,29.5,30.5,30.35,30.32,54399,164914320000.0,631,33593,0.6175
2020-06-26,ONMOBILE,EQ,30.35,30.5,30.8,29.6,29.6,29.65,30.11,77029,231933245000.00003,466,57304,0.7439
2020-06-29,ONMOBILE,EQ,29.65,29.15,30.5,29.0,29.0,29.1,29.62,60384,178848330000.0,461,32962,0.5459
2020-06-30,ONMOBILE,EQ,29.1,30.7,30.7,28.8,29.15,29.05,29.4,51511,151456045000.0,357,34153,0.663
2020-07-01,ONMOBILE,EQ,29.05,29.05,29.3,28.35,28.6,28.6,28.6,70667,202079880000.0,433,58089,0.8220000000000001
2020-07-02,ONMOBILE,EQ,28.6,29.85,29.85,28.15,29.5,29.4,29.29,78271,229236990000.0,426,53948,0.6892
2020-07-03,ONMOBILE,EQ,29.4,29.95,29.95,28.6,28.9,28.75,28.91,36316,104972464999.99998,333,26055,0.7175
2020-07-06,ONMOBILE,EQ,28.75,29.15,29.15,28.25,28.35,28.35,28.5,99519,283642585000.0,454,88505,0.8893000000000001
2020-07-07,ONMOBILE,EQ,28.35,29.1,29.35,28.3,29.0,29.0,28.74,121519,349290220000.0,403,106064,0.8728
2020-07-08,ONMOBILE,EQ,29.0,29.3,29.35,28.5,28.9,28.85,28.91,52499,151786260000.0,328,33656,0.6411
2020-07-09,ONMOBILE,EQ,28.85,29.25,29.25,28.45,28.95,28.8,28.65,64325,184300515000.0,277,46052,0.7159000000000001
2020-07-10,ONMOBILE,EQ,28.8,28.9,29.5,28.35,28.35,28.55,28.79,155474,447561580000.0,461,103457,0.6654000000000001
2020-07-13,ONMOBILE,EQ,28.55,29.2,29.2,28.25,28.3,28.35,28.44,39863,113374395000.0,212,31532,0.7909999999999999
2020-07-14,ONMOBILE,EQ,28.35,28.8,28.8,27.8,28.1,28.05,28.02,73175,205055970000.0,410,57352,0.7837999999999999
2020-07-15,ONMOBILE,EQ,28.05,28.45,29.0,27.95,28.4,28.1,28.37,153166,434568720000.0,405,87550,0.5716
2020-07-16,ONMOBILE,EQ,28.1,28.4,28.7,28.0,28.0,28.05,28.15,51495,144943975000.0,282,36082,0.7007
2020-07-17,ONMOBILE,EQ,28.05,28.5,28.55,28.05,28.25,28.2,28.27,33195,93838335000.0,168,24938,0.7513
2020-07-20,ONMOBILE,EQ,28.2,28.25,28.5,28.0,28.05,28.05,28.12,27132,76303515000.0,144,20114,0.7413
2020-07-21,ONMOBILE,EQ,28.05,27.75,28.3,27.75,28.0,28.0,27.99,66621,186498390000.0,187,48569,0.7290000000000001
2020-07-22,ONMOBILE,EQ,28.0,28.15,28.35,27.9,28.25,28.15,28.08,45350,127323035000.00002,191,29743,0.6559
2020-07-23,ONMOBILE,EQ,28.15,28.3,28.3,27.95,28.0,28.0,28.12,49018,137821285000.0,183,43526,0.888
2020-07-24,ONMOBILE,EQ,28.0,29.95,29.95,28.55,28.65,28.85,29.1,407687,1186486845000.0,1706,252052,0.6182
2020-07-27,ONMOBILE,EQ,28.85,29.15,31.7,28.85,30.4,30.8,30.61,807142,2470572775000.0,2647,391133,0.48460000000000003
2020-07-28,ONMOBILE,EQ,30.8,31.15,31.15,29.05,29.35,29.25,29.81,271855,810510890000.0,1056,168539,0.62
2020-07-29,ONMOBILE,EQ,29.25,29.55,30.2,28.7,29.5,29.5,29.38,213301,626783650000.0,771,133105,0.624
2020-07-30,ONMOBILE,EQ,29.5,30.2,30.2,28.55,29.6,29.05,29.19,147834,431575120000.0,601,83197,0.5628000000000001
2020-07-31,ONMOBILE,EQ,29.05,29.8,29.8,28.7,29.5,29.25,29.1,96119,279663380000.0,335,85780,0.8924
2020-08-03,ONMOBILE,EQ,29.25,29.85,32.15,28.85,30.75,30.35,31.02,528516,1639380050000.0,1540,225984,0.4276
2020-08-04,ONMOBILE,EQ,30.35,31.25,33.35,30.2,33.35,33.35,32.33,852466,2756253280000.0,2367,666098,0.7814
2020-08-05,ONMOBILE,EQ,33.35,33.95,35.4,32.6,34.5,34.4,34.47,511955,1764743770000.0,2152,359506,0.7022
2020-08-06,ONMOBILE,EQ,34.4,34.95,37.8,34.5,37.55,37.5,36.36,534745,1944226500000.0,2122,416284,0.7785
2020-08-07,ONMOBILE,EQ,37.5,38.5,38.7,37.0,37.55,37.55,38.01,323918,1231225355000.0,1705,232957,0.7192000000000001
2020-08-10,ONMOBILE,EQ,37.55,37.9,37.9,36.15,36.7,36.75,36.84,245463,904386450000.0,644,207969,0.8473
2020-08-11,ONMOBILE,EQ,36.75,38.55,38.55,38.55,38.55,38.55,38.55,118697,457576934999.99994,171,116687,0.9831000000000001
2020-08-12,ONMOBILE,EQ,38.55,40.45,40.45,38.55,39.25,39.1,39.79,648392,2579690250000.0,2209,502716,0.7753
2020-08-13,ONMOBILE,EQ,39.1,39.8,39.8,37.15,37.95,37.55,37.77,258484,976265919999.9999,878,218124,0.8439
2020-08-14,ONMOBILE,EQ,37.55,37.7,39.2,35.7,36.65,36.5,37.49,219469,822804475000.0,622,137663,0.6273
2020-08-17,ONMOBILE,EQ,36.5,38.05,38.3,36.9,38.3,38.3,37.75,145244,548304870000.0,595,122730,0.845
2020-08-18,ONMOBILE,EQ,38.3,39.5,40.2,38.85,40.2,40.15,40.0,383704,1534897665000.0,1512,239865,0.6251
2020-08-19,ONMOBILE,EQ,40.15,39.7,41.05,39.0,40.1,40.1,40.27,129462,521373775000.0,959,90074,0.6958
2020-08-20,ONMOBILE,EQ,40.1,39.6,40.75,39.0,39.5,39.4,39.56,158160,625660910000.0,1015,109167,0.6901999999999999
2020-08-21,ONMOBILE,EQ,39.4,40.25,41.15,39.45,40.05,40.1,40.3,206870,833774280000.0,996,159816,0.7725
2020-08-24,ONMOBILE,EQ,40.1,41.3,41.45,39.55,39.55,40.05,40.3,222315,895951515000.0,811,186051,0.8369
2020-08-25,ONMOBILE,EQ,40.05,40.85,40.85,38.8,39.4,39.5,39.59,110991,439409034999.99994,749,70468,0.6349
2020-08-26,ONMOBILE,EQ,39.5,39.55,40.95,39.5,39.7,39.8,40.09,110477,442956450000.0,789,53181,0.4814
2020-08-27,ONMOBILE,EQ,39.8,39.9,40.45,39.2,39.2,39.25,39.54,85066,336373845000.0,510,58672,0.6897
2020-08-28,ONMOBILE,EQ,39.25,39.1,40.65,39.1,39.2,39.3,39.85,126737,505031265000.00006,732,86276,0.6807
2020-08-31,ONMOBILE,EQ,39.3,39.5,39.85,37.35,37.35,37.35,38.1,115470,439945909999.99994,543,85949,0.7443000000000001
2020-09-01,ONMOBILE,EQ,37.35,35.65,37.05,35.5,35.5,35.5,35.93,91599,329107820000.0,538,71669,0.7824
2020-09-02,ONMOBILE,EQ,35.5,35.1,37.25,35.1,35.85,35.85,36.22,82322,298161180000.0,703,48360,0.5874
2020-09-03,ONMOBILE,EQ,35.85,36.1,37.6,36.0,37.5,36.85,37.25,106113,395289665000.0,827,82634,0.7787000000000001
2020-09-04,ONMOBILE,EQ,36.85,36.1,38.65,36.1,38.65,38.6,38.56,494966,1908387995000.0,1272,356622,0.7205
2020-09-07,ONMOBILE,EQ,38.6,39.95,40.5,39.9,40.5,40.5,40.43,65311,264023720000.00003,252,64786,0.9920000000000001
2020-09-08,ONMOBILE,EQ,40.5,42.5,42.5,42.5,42.5,42.5,42.5,57259,243350750000.0,232,57259,1.0
2020-09-09,ONMOBILE,EQ,42.5,44.6,44.6,41.15,43.5,43.35,43.59,1085119,4730304470000.0,4819,643781,0.5933
2020-09-10,ONMOBILE,EQ,43.35,45.0,45.5,43.0,45.5,45.35,44.58,423016,1885708270000.0,2254,290331,0.6863
2020-09-11,ONMOBILE,EQ,45.35,47.0,47.6,45.05,47.6,47.6,47.1,352928,1662434320000.0,1810,245055,0.6943
2020-09-14,ONMOBILE,EQ,47.6,49.95,49.95,49.95,49.95,49.95,49.95,54030,269879850000.0,192,54030,1.0
2020-09-15,ONMOBILE,EQ,49.95,52.4,52.4,47.5,47.5,47.5,50.4,956562,4821499075000.0,1786,510643,0.5338
2020-09-16,ONMOBILE,EQ,47.5,46.1,49.85,45.3,49.7,49.5,47.95,851281,4081975540000.0,4798,364917,0.42869999999999997
2020-09-17,ONMOBILE,EQ,49.5,50.0,51.0,47.2,48.95,48.35,49.0,358829,1758129275000.0,3053,194136,0.541
2020-09-18,ONMOBILE,EQ,48.35,47.7,49.15,46.1,47.6,47.1,48.01,292907,1406225390000.0,2493,166893,0.5698
2020-09-21,ONMOBILE,EQ,47.1,48.1,49.45,44.75,44.75,44.9,47.25,319650,1510232320000.0,2481,180843,0.5658
2020-09-22,ONMOBILE,EQ,44.9,44.2,44.2,42.7,42.7,42.7,43.08,295741,1274169170000.0,1285,171303,0.5792
2020-09-23,ONMOBILE,EQ,42.7,44.4,44.4,40.8,41.3,41.65,42.16,223328,941444615000.0,1939,112070,0.5018
2020-09-24,ONMOBILE,EQ,41.65,41.0,43.7,39.9,43.7,43.55,42.68,257907,1100732570000.0,2053,174250,0.6756000000000001
2020-09-25,ONMOBILE,EQ,43.55,44.95,45.65,44.0,45.45,44.75,44.74,179311,802245120000.0,1248,106229,0.5924
2020-09-28,ONMOBILE,EQ,44.75,44.7,45.4,43.55,44.5,44.6,44.7,121902,544954470000.0,1220,72832,0.5975
2020-09-29,ONMOBILE,EQ,44.6,44.6,46.65,44.0,45.45,45.8,45.61,244256,1114014670000.0,1504,121615,0.4979
2020-09-30,ONMOBILE,EQ,45.8,46.8,46.8,44.2,44.6,44.45,45.27,132479,599788940000.0,1178,71364,0.5387
2020-10-01,ONMOBILE,EQ,44.45,45.05,45.6,43.25,43.5,43.35,44.18,89665,396136365000.0,748,57012,0.6358
2020-10-05,ONMOBILE,EQ,43.35,44.0,44.55,43.1,43.85,43.5,43.86,51930,227789004999.99997,403,27898,0.5372
2020-10-06,ONMOBILE,EQ,43.5,43.6,44.5,43.1,43.3,43.45,43.51,67680,294452940000.0,515,40880,0.604
2020-10-07,ONMOBILE,EQ,43.45,43.45,44.85,42.25,42.65,42.5,43.25,96635,417953500000.0,688,62816,0.65
2020-10-08,ONMOBILE,EQ,42.5,43.95,43.95,42.0,42.0,42.1,42.41,87463,370900710000.0,617,50795,0.5808
2020-10-09,ONMOBILE,EQ,42.1,42.0,42.75,40.3,40.75,40.7,41.31,128418,530485695000.0,910,81909,0.6378
2020-10-12,ONMOBILE,EQ,40.7,41.25,42.0,41.0,41.75,41.55,41.64,96990,403835195000.0,715,67703,0.698
2020-10-13,ONMOBILE,EQ,41.55,42.0,44.0,41.05,43.9,43.75,43.41,235750,1023508510000.0,1157,168201,0.7134999999999999
2020-10-14,ONMOBILE,EQ,43.75,43.8,45.0,42.2,42.5,42.7,43.85,187461,822038725000.0,1321,100772,0.5376
2020-10-15,ONMOBILE,EQ,42.7,42.5,44.0,41.1,42.25,41.85,42.64,119882,511220009999.99994,688,77131,0.6434000000000001
2020-10-16,ONMOBILE,EQ,41.85,43.0,43.0,41.1,41.6,41.3,41.5,85491,354822295000.0,621,53942,0.631
2020-10-19,ONMOBILE,EQ,41.3,42.8,42.8,40.5,41.0,40.85,41.15,81692,336193160000.0,812,48511,0.5938
2020-10-20,ONMOBILE,EQ,40.85,41.9,41.9,40.5,41.5,41.15,40.95,65804,269486579999.99997,427,41636,0.6327
2020-10-21,ONMOBILE,EQ,41.15,41.5,42.3,40.7,41.65,40.9,41.52,55714,231308190000.0,500,30217,0.5424
2020-10-22,ONMOBILE,EQ,40.9,41.6,41.65,40.6,41.45,41.45,41.1,42011,172669215000.0,470,25053,0.5963
2020-10-23,ONMOBILE,EQ,41.45,41.0,42.0,41.0,41.0,41.1,41.4,33837,140077700000.0,427,21312,0.6298
2020-10-26,ONMOBILE,EQ,41.1,42.0,43.0,41.2,41.75,41.65,41.75,44560,186024890000.0,441,26388,0.5922
2020-10-27,ONMOBILE,EQ,41.65,42.45,44.95,41.0,43.15,43.25,43.63,263355,1149134085000.0,1954,157143,0.5967
2020-10-28,ONMOBILE,EQ,43.25,43.85,43.95,41.7,42.5,42.45,43.36,99584,431759725000.0,759,63981,0.6425
2020-10-29,ONMOBILE,EQ,42.45,42.0,46.45,41.65,46.15,44.8,45.13,693349,3129086395000.0,3737,455140,0.6564
2020-10-30,ONMOBILE,EQ,44.8,45.25,48.2,45.25,47.75,47.5,47.14,519197,2447354160000.0,4060,297201,0.5724
2020-11-02,ONMOBILE,EQ,47.5,49.7,50.1,46.95,47.35,47.75,48.87,883215,4316392800000.0,5933,494935,0.5604
2020-11-03,ONMOBILE,EQ,47.75,46.5,46.7,43.0,43.1,43.05,44.06,728064,3208078730000.0,4030,399779,0.5491
2020-11-04,ONMOBILE,EQ,43.05,43.95,44.7,42.75,42.85,43.05,43.57,175805,765943495000.0,1591,84676,0.4816
2020-11-05,ONMOBILE,EQ,43.05,43.05,43.9,42.8,43.8,43.45,43.35,189821,822792390000.0,1606,125272,0.6598999999999999
2020-11-06,ONMOBILE,EQ,43.45,43.0,43.65,42.1,42.7,42.55,43.06,204210,879406850000.0,1431,119060,0.583
2020-11-09,ONMOBILE,EQ,42.55,43.0,43.8,42.05,42.65,42.45,42.96,123948,532522870000.0,658,90551,0.7306
2020-11-10,ONMOBILE,EQ,42.45,42.85,42.95,41.45,41.65,41.75,42.14,242105,1020342675000.0,906,178233,0.7362000000000001
2020-11-11,ONMOBILE,EQ,41.75,41.7,42.55,41.55,41.7,41.7,41.91,92061,385819740000.0,584,56593,0.6147
2020-11-12,ONMOBILE,EQ,41.7,41.9,41.95,41.5,41.85,41.7,41.7,56909,237332990000.0,452,37916,0.6663
2020-11-13,ONMOBILE,EQ,41.7,41.8,42.0,40.5,41.4,41.2,41.22,157388,648767390000.0,922,85159,0.5411
2020-11-14,ONMOBILE,EQ,41.2,41.3,42.0,40.7,41.0,41.2,41.34,105030,434199355000.0,574,64157,0.6108
2020-11-17,ONMOBILE,EQ,41.2,41.8,41.9,40.85,41.25,41.2,41.29,179875,742782560000.0,990,110501,0.6143
2020-11-18,ONMOBILE,EQ,41.2,41.2,43.4,40.85,41.8,42.75,42.59,438014,1865374600000.0,2140,273666,0.6248
2020-11-19,ONMOBILE,EQ,42.75,42.4,43.4,41.95,42.4,42.2,42.51,233005,990412344999.9999,1243,141305,0.6064
2020-11-20,ONMOBILE,EQ,42.2,42.25,43.2,41.9,42.25,42.1,42.45,130783,555113195000.0,659,84591,0.6468
2020-11-23,ONMOBILE,EQ,42.1,42.95,43.0,41.95,42.8,42.5,42.56,93261,396964020000.0,551,63116,0.6768000000000001
2020-11-24,ONMOBILE,EQ,42.5,42.55,46.75,42.55,46.75,46.75,45.69,618968,2828283665000.0,2588,357385,0.5774
2020-11-25,ONMOBILE,EQ,46.75,49.4,51.4,48.2,51.4,51.4,50.88,2343543,11924010605000.0,6075,1137287,0.4853
2020-11-26,ONMOBILE,EQ,51.4,52.0,56.5,47.75,56.5,56.5,53.6,1311100,7027870580000.0,5831,673358,0.5136000000000001
2020-11-27,ONMOBILE,EQ,56.5,58.0,59.3,57.0,59.3,59.3,59.02,343706,2028600095000.0,805,276534,0.8046
2020-12-01,ONMOBILE,EQ,59.3,60.9,62.25,58.55,61.4,61.75,61.63,1779384,10966363485000.0,6439,1138731,0.64
2020-12-02,ONMOBILE,EQ,61.75,63.0,63.0,58.7,58.7,58.7,59.2,870193,5151253710000.0,3214,577305,0.6634000000000001
2020-12-03,ONMOBILE,EQ,58.7,57.15,61.6,55.8,60.45,60.75,60.05,850934,5109867265000.0,3895,520307,0.6115
2020-12-04,ONMOBILE,EQ,60.75,61.05,61.9,57.75,57.75,57.75,58.65,524690,3077246115000.0,2065,459513,0.8758
2020-12-07,ONMOBILE,EQ,57.75,54.9,60.6,54.9,57.55,57.5,57.77,1094444,6322098070000.0,4297,613490,0.5605
2020-12-08,ONMOBILE,EQ,57.5,57.8,59.5,54.65,54.65,54.7,55.94,663215,3710081260000.0,3236,499208,0.7526999999999999
2020-12-09,ONMOBILE,EQ,54.7,56.45,57.4,54.7,56.95,57.1,56.96,980324,5583560365000.0,2963,526903,0.5375
2020-12-10,ONMOBILE,EQ,57.1,56.9,58.4,54.25,56.85,57.1,55.7,409023,2278291755000.0,2018,249824,0.6108
2020-12-11,ONMOBILE,EQ,57.1,58.0,59.95,57.6,59.95,59.7,59.46,952817,5664986975000.0,3666,542755,0.5696
2020-12-14,ONMOBILE,EQ,59.7,61.4,61.8,57.75,58.5,58.5,58.96,301496,1777729150000.0,1955,205991,0.6831999999999999
2020-12-15,ONMOBILE,EQ,58.5,59.35,59.35,56.95,57.9,57.9,57.97,151366,877540690000.0,1199,94310,0.6231
2020-12-16,ONMOBILE,EQ,57.9,58.5,59.3,56.1,57.35,56.85,57.81,232317,1343128355000.0,2099,163102,0.7021
2020-12-17,ONMOBILE,EQ,56.85,57.6,57.6,55.2,55.8,55.55,56.36,244243,1376467140000.0,1388,173444,0.7101000000000001
2020-12-18,ONMOBILE,EQ,55.55,56.8,58.3,55.55,58.3,58.3,57.37,366784,2104240655000.0,1961,258120,0.7037000000000001
2020-12-21,ONMOBILE,EQ,58.3,59.4,60.45,55.4,55.4,55.4,58.1,487838,2834229775000.0,2163,348118,0.7136
2020-12-22,ONMOBILE,EQ,55.4,54.1,55.7,52.65,53.2,53.55,53.22,496543,2642443850000.0,2191,305126,0.6145
2020-12-23,ONMOBILE,EQ,53.55,55.3,56.2,53.6,56.0,55.65,55.54,228528,1269140330000.0,1591,136544,0.5975
2020-12-24,ONMOBILE,EQ,55.65,56.65,58.0,55.75,56.05,56.1,56.85,361969,2057777639999.9998,1742,233837,0.6459999999999999
2020-12-28,ONMOBILE,EQ,56.1,56.0,58.9,56.0,58.9,58.9,58.32,390461,2277243320000.0,1409,280253,0.7177
2020-12-29,ONMOBILE,EQ,58.9,60.15,61.8,57.85,61.8,61.8,60.58,743339,4503448970000.0,5032,494194,0.6648000000000001
2020-12-30,ONMOBILE,EQ,61.8,62.0,64.85,62.0,64.85,64.85,64.6,737094,4761910360000.0,1844,455784,0.6184000000000001
2020-12-31,ONMOBILE,EQ,64.85,68.05,68.05,68.05,68.05,68.05,68.05,319256,2172537080000.0,483,301236,0.9436
2021-01-01,ONMOBILE,EQ,68.05,71.45,71.45,66.3,67.2,66.9,69.88,2032318,14201365240000.0,10362,706463,0.34759999999999996
2021-01-04,ONMOBILE,EQ,66.9,68.4,70.2,64.5,65.0,65.3,67.29,893903,6015502795000.0,4555,603052,0.6746
2021-01-05,ONMOBILE,EQ,65.3,65.0,67.9,63.5,67.45,67.6,66.57,527308,3510398065000.0,3982,332030,0.6297
2021-01-06,ONMOBILE,EQ,67.6,67.6,68.0,64.25,64.25,64.25,65.23,427975,2791796525000.0,2111,278900,0.6517000000000001
2021-01-07,ONMOBILE,EQ,64.25,64.25,64.25,61.05,62.5,62.05,62.24,903991,5626156465000.0,5181,474824,0.5253
2021-01-08,ONMOBILE,EQ,62.05,63.25,63.25,60.55,61.1,61.0,61.66,372850,2298840770000.0,2045,243087,0.652
2021-01-11,ONMOBILE,EQ,61.0,62.0,64.05,60.75,61.4,61.65,63.07,1064362,6713350365000.001,4861,348748,0.32770000000000005
2021-01-12,ONMOBILE,EQ,61.65,62.0,62.05,58.6,59.25,59.6,59.74,515416,3079031000000.0,2860,305192,0.5921000000000001
2021-01-13,ONMOBILE,EQ,59.6,60.0,61.2,56.7,57.95,57.9,58.62,325859,1910252670000.0,1993,215505,0.6613
2021-01-14,ONMOBILE,EQ,57.9,57.95,59.9,57.0,58.45,58.5,58.32,190866,1113068515000.0,1288,98215,0.5146000000000001
2021-01-15,ONMOBILE,EQ,58.5,60.0,60.0,56.75,57.65,58.25,57.91,318182,1842608095000.0,4319,206850,0.6501
2021-01-18,ONMOBILE,EQ,58.25,57.2,58.3,55.5,55.9,56.1,56.24,231010,1299296940000.0,1676,135906,0.5883
2021-01-19,ONMOBILE,EQ,56.1,57.6,57.6,55.9,56.7,56.5,56.85,152336,866047065000.0,1149,95212,0.625
2021-01-20,ONMOBILE,EQ,56.5,56.5,57.7,56.0,56.55,56.35,56.74,125555,712426690000.0,981,77056,0.6137
2021-01-21,ONMOBILE,EQ,56.35,56.55,57.3,55.5,55.95,55.9,56.55,162369,918184360000.0,1069,112540,0.6931
2021-01-22,ONMOBILE,EQ,55.9,56.15,56.5,53.45,54.45,54.0,54.41,281039,1529068935000.0,3611,196412,0.6989
2021-01-25,ONMOBILE,EQ,54.0,55.2,55.2,51.3,51.9,51.45,51.88,319282,1656445030000.0,2984,175348,0.5492
2021-01-27,ONMOBILE,EQ,51.45,52.0,54.0,51.6,54.0,53.9,53.5,224128,1199168360000.0,1300,132977,0.5933
2021-01-28,ONMOBILE,EQ,53.9,52.95,56.55,52.4,56.55,56.55,55.85,173485,968863960000.0,815,119258,0.6874
2021-01-29,ONMOBILE,EQ,56.55,57.9,59.35,56.1,57.4,56.95,58.05,477647,2772880420000.0,4267,219650,0.45990000000000003
2021-02-01,ONMOBILE,EQ,56.95,57.4,57.4,55.0,55.4,55.55,55.77,192956,1076203494999.9999,1842,112763,0.5844
2021-02-02,ONMOBILE,EQ,55.55,56.8,58.3,56.8,58.3,58.3,58.1,464782,2700225465000.0,1531,280718,0.604
2021-02-03,ONMOBILE,EQ,58.3,60.05,61.2,59.5,61.2,61.2,60.93,609718,3715036354999.9995,1856,390639,0.6406999999999999
2021-02-04,ONMOBILE,EQ,61.2,64.25,64.25,64.25,64.25,64.25,64.25,288722,1855038850000.0,460,288700,0.9999
2021-02-05,ONMOBILE,EQ,64.25,68.9,72.0,65.6,68.6,68.6,68.62,2890485,19833366100000.0,24273,1301588,0.45030000000000003
2021-02-08,ONMOBILE,EQ,68.6,70.0,70.7,64.3,65.0,65.9,66.54,853300,5678042370000.0,6152,497297,0.5828
2021-02-09,ONMOBILE,EQ,65.9,65.0,67.85,62.7,63.95,64.1,65.97,499212,3293359615000.0,3103,301282,0.6035
2021-02-10,ONMOBILE,EQ,64.1,64.0,64.5,61.95,62.3,62.3,62.8,254299,1597117015000.0,1967,159866,0.6287
2021-02-11,ONMOBILE,EQ,62.3,63.0,74.75,62.25,70.95,71.65,72.42,5013422,36304784835000.0,19759,1669275,0.33299999999999996
2021-02-12,ONMOBILE,EQ,71.65,70.95,72.4,68.05,69.1,69.05,70.28,1613173,11336613600000.0,11882,635748,0.39409999999999995
2021-02-15,ONMOBILE,EQ,69.05,70.95,82.85,69.1,79.2,79.0,78.32,5336526,41793062040000.0,35221,1717745,0.32189999999999996
2021-02-16,ONMOBILE,EQ,79.0,79.9,94.8,79.9,94.8,94.8,88.79,7166531,63629907210000.0,43722,2252122,0.3143
2021-02-17,ONMOBILE,EQ,94.8,97.45,104.25,96.35,104.25,104.25,101.46,4876711,49481443510000.0,33151,1981358,0.40630000000000005
2021-02-18,ONMOBILE,EQ,104.25,109.7,113.9,94.5,95.0,95.85,104.43,7584405,79202180255000.0,67750,2876124,0.37920000000000004
2021-02-19,ONMOBILE,EQ,95.85,93.95,105.4,92.05,105.4,105.25,103.56,5952511,61646292820000.01,32203,1826871,0.3069
2021-02-22,ONMOBILE,EQ,105.25,110.9,115.75,109.3,115.75,115.75,114.91,4919062,56522622950000.0,29276,2099623,0.4268
2021-02-23,ONMOBILE,EQ,115.75,124.0,127.3,116.05,127.3,126.9,122.79,6256125,76818901250000.0,50752,1745021,0.27890000000000004
2021-02-24,ONMOBILE,EQ,126.9,128.95,133.2,120.6,120.6,120.8,126.85,5619173,71278261705000.0,39403,1800518,0.3204
2021-02-25,ONMOBILE,EQ,120.8,119.0,120.8,114.8,114.8,114.8,115.76,1119835,12962987495000.0,10174,674532,0.6023
2021-02-26,ONMOBILE,EQ,114.8,109.1,114.5,109.1,109.1,109.1,110.32,866055,9554403475000.0,6774,493815,0.5702
2021-03-01,ONMOBILE,EQ,109.1,107.0,112.45,104.1,105.95,105.6,107.65,2298413,24743285035000.0,21747,973642,0.4236
2021-03-02,ONMOBILE,EQ,105.6,108.3,108.65,100.35,100.7,100.8,102.62,1790607,18375250435000.0,15436,848234,0.4737
2021-03-03,ONMOBILE,EQ,100.8,101.5,105.8,100.2,105.0,104.9,105.05,1636426,17190046325000.0,11886,935907,0.5719
2021-03-04,ONMOBILE,EQ,104.9,104.4,104.7,100.0,102.7,102.65,102.75,1141052,11724804600000.0,20694,667140,0.5847
2021-03-05,ONMOBILE,EQ,102.65,104.0,104.4,97.55,98.0,97.7,99.6,1201662,11969031805000.0,22348,780550,0.6496
2021-03-08,ONMOBILE,EQ,97.7,99.5,102.55,98.7,102.55,102.55,102.08,1184666,12093606660000.0,5513,736864,0.622
2021-03-09,ONMOBILE,EQ,102.55,105.4,105.4,97.75,98.7,99.35,100.94,896491,9048950620000.0,14743,490945,0.5476
2021-03-10,ONMOBILE,EQ,99.35,99.8,103.9,98.5,103.25,102.15,100.89,711639,7179506320000.0,9343,349698,0.4914
2021-03-12,ONMOBILE,EQ,102.15,106.0,107.25,105.2,107.25,107.25,107.15,1606409,17213140410000.0,6095,863325,0.5374
2021-03-15,ONMOBILE,EQ,107.25,112.6,112.6,108.2,112.6,112.6,112.28,1772290,19898882040000.0,8795,1110339,0.6265
2021-03-16,ONMOBILE,EQ,112.6,115.7,117.8,110.0,112.55,111.95,114.24,1917454,21904768415000.0,22381,1001656,0.5224
2021-03-17,ONMOBILE,EQ,111.95,113.4,113.9,106.4,106.4,106.4,108.54,819797,8898092030000.0,8575,470156,0.5735
2021-03-18,ONMOBILE,EQ,106.4,108.4,110.8,101.1,101.1,101.1,103.41,716624,7410725805000.0,7577,407600,0.5688000000000001
2021-03-19,ONMOBILE,EQ,101.1,97.75,99.7,96.05,97.9,98.25,96.87,1459730,14141081485000.0,10277,607458,0.4161
2021-03-22,ONMOBILE,EQ,98.25,99.6,103.15,98.4,103.15,103.15,101.29,732800,7422820815000.001,6409,325779,0.4446
2021-03-23,ONMOBILE,EQ,103.15,105.7,105.7,99.3,100.2,100.15,101.51,542728,5509425660000.0,8188,317909,0.5858
2021-03-24,ONMOBILE,EQ,100.15,99.7,101.5,96.0,96.9,96.7,98.82,378994,3745307500000.0,5769,212143,0.5598
2021-03-25,ONMOBILE,EQ,96.7,97.95,98.45,91.9,91.9,91.9,92.43,668296,6176919675000.0,4590,408125,0.6107
2021-03-26,ONMOBILE,EQ,91.9,90.0,96.45,88.55,96.45,96.2,93.85,1348976,12660092545000.0,10623,636361,0.4717
2021-03-30,ONMOBILE,EQ,96.2,98.55,99.25,91.4,93.5,92.4,94.53,652445,6167870715000.0,8706,363559,0.5572
2021-03-31,ONMOBILE,EQ,92.4,93.55,93.8,87.8,88.05,88.15,90.19,516125,4654685895000.0,5650,343281,0.6651
2021-04-01,ONMOBILE,EQ,88.15,92.55,92.55,92.55,92.55,92.55,92.55,157234,1455200670000.0,478,157207,0.9998
2021-04-05,ONMOBILE,EQ,92.55,97.15,97.15,94.9,97.15,97.15,97.03,808835,7847745315000.001,1856,476829,0.5895
2021-04-06,ONMOBILE,EQ,97.15,102.0,102.0,98.1,102.0,102.0,101.79,917087,9334805265000.0,2400,544438,0.5937
2021-04-07,ONMOBILE,EQ,102.0,106.0,107.1,104.55,107.1,107.1,106.66,475323,5069614580000.0,1710,310438,0.6531
2021-04-08,ONMOBILE,EQ,107.1,114.0,124.0,112.0,115.45,116.6,118.04,3901584,46052726050000.0,47094,1519498,0.3895
2021-04-09,ONMOBILE,EQ,116.6,115.0,115.9,111.0,112.65,111.7,112.65,804929,9067721645000.0,15084,391601,0.4865
2021-04-12,ONMOBILE,EQ,111.7,108.0,108.85,99.0,101.0,101.2,102.39,992119,10158051495000.0,8758,566182,0.5707
2021-04-13,ONMOBILE,EQ,101.2,104.7,108.8,100.8,104.6,104.3,103.94,561522,5836258895000.0,5733,252490,0.4497
2021-04-15,ONMOBILE,EQ,104.3,106.85,106.85,99.0,99.65,100.8,100.86,412976,4165359515000.0,5159,225914,0.547
2021-04-16,ONMOBILE,EQ,100.8,100.8,104.9,100.0,100.55,100.6,102.41,492800,5046650495000.0,5038,264528,0.5368
2021-04-19,ONMOBILE,EQ,100.6,97.05,98.25,94.2,95.45,95.25,95.74,521845,4995909395000.0,5452,308359,0.5909000000000001
2021-04-20,ONMOBILE,EQ,95.25,97.9,103.25,97.45,100.0,99.2,100.28,610490,6122043160000.0,5620,305640,0.5006
2021-04-22,ONMOBILE,EQ,99.2,101.8,112.0,99.15,104.75,104.85,106.79,1508736,16112060619999.998,20217,663401,0.4397
2021-04-23,ONMOBILE,EQ,104.85,106.4,107.35,100.5,101.5,101.45,103.73,659614,6842397715000.001,10946,305973,0.46390000000000003
2021-04-26,ONMOBILE,EQ,101.45,103.45,104.6,99.05,100.15,100.2,101.24,495011,5011664010000.0,8929,258684,0.5226
2021-04-27,ONMOBILE,EQ,100.2,101.7,105.0,100.2,101.95,101.8,102.53,506756,5195869145000.0,9015,192400,0.3797
2021-04-28,ONMOBILE,EQ,101.8,102.95,104.75,100.5,101.3,101.7,102.26,511657,5232087585000.0,10625,216897,0.4239
2021-04-29,ONMOBILE,EQ,101.7,103.0,107.45,100.05,104.7,105.4,104.26,2006966,20924758260000.0,23602,568687,0.2834
2021-04-30,ONMOBILE,EQ,105.4,106.0,114.6,103.3,106.2,106.05,110.09,3420314,37654873470000.0,39628,1074587,0.31420000000000003
2021-05-03,ONMOBILE,EQ,106.05,106.7,111.8,106.7,110.0,109.45,109.98,1048210,11528620810000.0,11173,558101,0.5324
2021-05-04,ONMOBILE,EQ,109.45,111.3,111.5,102.6,104.9,103.8,106.65,641998,6846705715000.001,9036,346517,0.5397
2021-05-05,ONMOBILE,EQ,103.8,104.8,106.3,103.2,104.4,103.9,104.43,283412,2959812915000.0,5913,144497,0.5098
2021-05-06,ONMOBILE,EQ,103.9,105.0,108.7,102.6,104.3,104.1,104.69,683360,7154180740000.001,7023,305090,0.4465
2021-05-07,ONMOBILE,EQ,104.1,105.25,105.55,101.6,102.25,102.05,102.99,588781,6063911740000.0,8622,320574,0.5445000000000001
2021-05-10,ONMOBILE,EQ,102.05,103.25,103.85,101.4,102.5,102.15,102.65,386821,3970729085000.0,6067,235527,0.6089
2021-05-11,ONMOBILE,EQ,102.15,100.85,104.35,99.2,101.0,101.55,102.27,565762,5786071405000.0,7550,270760,0.4786
2021-05-12,ONMOBILE,EQ,101.55,101.75,103.7,100.05,101.3,100.5,101.71,378648,3851258585000.0,4842,218229,0.5763
2021-05-14,ONMOBILE,EQ,100.5,101.25,106.45,100.75,102.95,102.85,103.61,733993,7605194605000.0,8574,363226,0.4949
2021-05-17,ONMOBILE,EQ,102.85,103.65,104.55,101.05,102.45,101.8,102.69,415149,4263271845000.0005,5152,254706,0.6135
2021-05-18,ONMOBILE,EQ,101.8,102.7,108.5,102.0,106.45,106.35,106.23,1570610,16684300969999.998,16600,648201,0.41270000000000007
2021-05-19,ONMOBILE,EQ,106.35,105.95,109.85,105.0,106.0,105.75,107.43,937235,10068318180000.0,12828,439777,0.4692
2021-05-20,ONMOBILE,EQ,105.75,106.45,108.1,105.0,105.85,105.75,106.42,402176,4280130865000.0,6939,217373,0.5405
2021-05-21,ONMOBILE,EQ,105.75,106.7,120.0,106.1,117.8,117.1,115.42,6055554,69891151825000.0,52648,2108648,0.3482
2021-05-24,ONMOBILE,EQ,117.1,119.0,124.7,116.5,118.75,119.1,120.73,3470347,41898000395000.0,37566,1377085,0.3968
2021-05-25,ONMOBILE,EQ,119.1,119.2,128.4,119.2,125.5,125.6,124.25,4360338,54175580650000.0,37449,1270961,0.2915
2021-05-26,ONMOBILE,EQ,125.6,126.8,132.5,125.5,127.45,126.3,128.58,3462869,44526813420000.0,29656,1318834,0.3809
2021-05-27,ONMOBILE,EQ,126.3,127.3,128.4,122.15,125.8,125.95,125.7,2365046,29729619935000.004,17987,977648,0.41340000000000005
2021-05-28,ONMOBILE,EQ,125.95,133.5,134.35,127.1,128.5,128.6,130.98,4884501,63975623320000.01,41521,2208874,0.4522
2021-05-31,ONMOBILE,EQ,128.6,129.0,129.0,117.05,119.5,119.75,120.9,2754716,33304666585000.004,32469,1229954,0.4465
2021-06-01,ONMOBILE,EQ,119.75,121.0,132.0,118.05,125.9,125.75,125.85,2748472,34588414535000.004,26711,1165545,0.4241
2021-06-02,ONMOBILE,EQ,125.75,125.9,128.15,123.8,125.25,125.95,125.94,1166655,14692438769999.998,12602,495957,0.4251
2021-06-03,ONMOBILE,EQ,125.95,126.2,126.8,122.0,122.6,122.85,124.28,1045637,12994671635000.0,11778,533484,0.5102
2021-06-04,ONMOBILE,EQ,122.85,123.75,127.35,122.1,123.05,123.2,124.61,1089924,13581863255000.002,10271,500362,0.45909999999999995
2021-06-07,ONMOBILE,EQ,123.2,124.25,125.15,121.3,122.0,122.0,123.32,837695,10330078460000.0,8873,466996,0.5575
2021-06-08,ONMOBILE,EQ,122.0,122.85,124.4,119.25,122.0,121.45,121.62,1108320,13479190319999.998,11045,512024,0.462
2021-06-09,ONMOBILE,EQ,121.45,122.4,122.9,117.5,119.15,118.9,120.4,692805,8341622630000.0,9286,380959,0.5499
2021-06-10,ONMOBILE,EQ,118.9,119.8,122.9,119.25,120.95,120.95,121.4,626954,7611462770000.0,7283,276736,0.4414
2021-06-11,ONMOBILE,EQ,120.95,121.45,122.0,119.1,120.0,119.5,120.3,357989,4306715840000.0,4401,209923,0.5864
2021-06-14,ONMOBILE,EQ,119.5,121.0,125.95,117.0,123.2,123.15,123.08,1406423,17309626155000.002,14908,689441,0.4902
2021-06-15,ONMOBILE,EQ,123.15,124.15,124.65,120.8,121.25,121.25,122.32,578815,7080139580000.0,6809,336113,0.5807
2021-06-16,ONMOBILE,EQ,121.25,121.25,122.7,119.05,119.7,119.65,120.75,435746,5261687930000.0,5265,266434,0.6114
2021-06-17,ONMOBILE,EQ,119.65,118.5,120.25,116.1,117.0,116.9,117.74,582334,6856475465000.001,8705,337348,0.5793
2021-06-18,ONMOBILE,EQ,116.9,117.8,119.0,108.25,114.0,113.7,113.44,754773,8562109384999.999,10303,408693,0.5415
2021-06-21,ONMOBILE,EQ,113.7,110.1,115.8,109.35,115.5,114.9,114.06,385221,4393714350000.0,6381,156638,0.40659999999999996
2021-06-22,ONMOBILE,EQ,114.9,116.0,117.0,114.0,114.5,114.25,115.19,311334,3586323385000.0,5139,196243,0.6303
2021-06-23,ONMOBILE,EQ,114.25,115.95,115.95,111.75,112.5,112.15,113.07,284359,3215142055000.0,5730,189972,0.6681
2021-06-24,ONMOBILE,EQ,112.15,114.15,114.5,110.0,110.6,110.45,112.13,277588,3112694125000.0,5112,165975,0.5979
2021-06-25,ONMOBILE,EQ,110.45,111.9,112.0,110.7,111.5,111.2,111.28,242196,2695249250000.0,3824,142895,0.59
2021-06-28,ONMOBILE,EQ,111.2,112.9,112.9,110.4,110.8,110.65,111.12,212555,2361968595000.0,4306,124051,0.5836
2021-06-29,ONMOBILE,EQ,110.65,110.6,114.7,110.3,111.7,111.45,112.37,424075,4765426735000.0,6834,182466,0.4303
2021-06-30,ONMOBILE,EQ,111.45,112.1,115.6,110.9,111.55,111.3,113.15,456301,5163099315000.0,6964,220213,0.4826
2021-07-01,ONMOBILE,EQ,111.3,112.0,112.45,110.1,110.8,110.65,110.91,203095,2252494895000.0,4347,121763,0.5995
2021-07-02,ONMOBILE,EQ,110.65,111.05,128.4,111.05,125.45,125.4,122.58,6568875,80520280180000.0,60776,1821673,0.2773
2021-07-05,ONMOBILE,EQ,125.4,126.45,150.45,126.05,144.4,143.7,144.85,17035301,246759760700000.0,124743,4232276,0.2484
2021-07-06,ONMOBILE,EQ,143.7,144.7,148.7,135.1,138.05,136.85,141.82,3690031,52332372245000.0,46166,1468923,0.3981
2021-07-07,ONMOBILE,EQ,136.85,136.5,149.45,136.5,146.1,145.65,145.17,4691164,68103131760000.0,50598,1250863,0.2666
2021-07-08,ONMOBILE,EQ,145.65,146.4,146.6,136.35,144.0,142.0,141.38,1851383,26174462355000.0,22997,815131,0.4403
2021-07-09,ONMOBILE,EQ,142.0,142.55,145.75,140.75,143.0,142.8,143.25,1144289,16392210065000.0,12950,471941,0.41240000000000004
2021-07-12,ONMOBILE,EQ,142.8,144.1,153.95,141.5,148.55,148.95,149.84,3637356,54500372500000.0,37827,1328470,0.3652
2021-07-13,ONMOBILE,EQ,148.95,150.3,154.4,147.5,148.45,148.3,150.25,1278028,19201977015000.0,15434,590001,0.46159999999999995
2021-07-14,ONMOBILE,EQ,148.3,149.2,151.5,146.0,147.5,147.75,148.37,1568619,23274343815000.0,16508,473637,0.3019
2021-07-15,ONMOBILE,EQ,147.75,148.4,148.9,143.5,144.05,144.25,146.22,1039689,15202705130000.002,13495,428427,0.4121
2021-07-16,ONMOBILE,EQ,144.25,144.1,147.5,142.7,144.8,145.05,145.67,950309,13842800090000.0,12599,379916,0.3998
2021-07-19,ONMOBILE,EQ,145.05,142.2,145.2,138.5,140.8,140.6,141.59,892560,12637979700000.0,13067,452219,0.5067
2021-07-20,ONMOBILE,EQ,140.6,138.35,141.35,133.6,137.55,137.65,137.1,849237,11643047700000.0,12015,410022,0.4828
2021-07-22,ONMOBILE,EQ,137.65,138.45,146.4,138.05,144.25,144.3,142.97,1099788,15724052255000.002,13958,427854,0.389
2021-07-23,ONMOBILE,EQ,144.3,145.05,148.7,141.45,142.85,142.7,145.2,1041169,15117336090000.0,12470,352256,0.3383
2021-07-26,ONMOBILE,EQ,142.7,142.7,143.25,138.75,139.75,139.65,140.12,375962,5267965940000.0,5615,203571,0.5415
2021-07-27,ONMOBILE,EQ,139.65,140.35,145.0,137.0,140.0,140.65,141.03,625082,8815463590000.0,7570,230454,0.36869999999999997
2021-07-28,ONMOBILE,EQ,140.65,140.75,141.2,135.25,137.4,136.85,137.19,583686,8007690965000.001,8382,255952,0.4385
2021-07-29,ONMOBILE,EQ,136.85,137.6,139.75,136.2,137.2,137.3,137.79,374828,5164831190000.0,5017,167425,0.44670000000000004
2021-07-30,ONMOBILE,EQ,137.3,137.2,143.0,136.5,138.1,138.4,139.21,783914,10913154775000.0,9635,305547,0.3898
2021-08-02,ONMOBILE,EQ,138.4,137.0,143.2,137.0,139.8,139.6,140.5,668071,9386267630000.0,9123,258067,0.38630000000000003
2021-08-03,ONMOBILE,EQ,139.6,140.3,145.9,138.1,142.0,141.75,142.67,1269073,18105400660000.0,12855,612579,0.4827
2021-08-04,ONMOBILE,EQ,141.75,142.5,146.95,139.1,141.0,140.55,143.51,1037584,14890538460000.0,12244,429584,0.414
2021-08-05,ONMOBILE,EQ,140.55,141.3,141.35,136.0,138.45,137.95,137.7,449660,6191735025000.0,6138,208791,0.4643
2021-08-06,ONMOBILE,EQ,137.95,138.5,142.5,137.0,138.0,138.1,139.43,419768,5852724100000.0,6369,198753,0.47350000000000003
2021-08-09,ONMOBILE,EQ,138.1,139.4,141.0,130.0,132.05,132.7,134.23,985752,13232077450000.0,14805,613079,0.6219
2021-08-10,ONMOBILE,EQ,132.7,133.0,133.5,119.1,125.6,124.15,125.71,1198404,15065061919999.998,16950,638383,0.5327000000000001
2021-08-11,ONMOBILE,EQ,124.15,124.8,125.0,112.8,121.1,121.4,119.14,1216181,14489118965000.0,14467,624056,0.5131
2021-08-12,ONMOBILE,EQ,121.4,122.05,129.35,122.0,127.0,126.8,126.57,484904,6137494545000.0,6504,259199,0.5345000000000001
2021-08-13,ONMOBILE,EQ,126.8,127.5,130.75,125.3,126.7,126.85,128.04,398890,5107491330000.0,6953,209351,0.5247999999999999
2021-08-16,ONMOBILE,EQ,126.85,127.0,127.75,121.3,122.0,122.0,123.1,357396,4399543395000.0,5505,224442,0.628
2021-08-17,ONMOBILE,EQ,122.0,122.65,125.15,120.7,122.65,122.35,122.46,311450,3814125240000.0,5103,159539,0.5122
2021-08-18,ONMOBILE,EQ,122.35,122.8,123.15,116.75,118.05,117.95,119.18,294793,3513477015000.0,6588,173451,0.5884
2021-08-20,ONMOBILE,EQ,117.95,116.7,122.2,114.8,118.0,117.9,118.53,444000,5262597615000.0,7173,253077,0.5700000000000001
2021-08-23,ONMOBILE,EQ,117.9,122.25,122.25,110.0,111.6,111.9,112.52,871513,9806360010000.0,13256,508779,0.5838
2021-08-24,ONMOBILE,EQ,111.9,113.8,117.9,111.0,116.1,115.85,114.8,470874,5405459310000.0,8490,213261,0.4529
2021-08-25,ONMOBILE,EQ,115.85,116.35,118.15,114.0,114.65,114.65,115.67,259402,3000499205000.0,4674,147138,0.5672
2021-08-26,ONMOBILE,EQ,114.65,114.8,116.7,113.0,114.0,113.9,114.46,198417,2271135140000.0,4524,111510,0.562
2021-08-27,ONMOBILE,EQ,113.9,114.3,119.55,113.1,114.2,114.75,115.84,446764,5175408420000.0,9128,163357,0.36560000000000004
2021-08-30,ONMOBILE,EQ,114.75,115.1,117.1,115.1,115.3,115.6,116.0,370073,4292814025000.0,5600,198880,0.5374
2021-08-31,ONMOBILE,EQ,115.6,116.35,116.4,114.05,114.65,114.4,114.84,208406,2393432390000.0,4023,124302,0.5964
2021-09-01,ONMOBILE,EQ,114.4,115.0,116.0,113.8,115.0,114.7,114.8,164515,1888611485000.0002,3662,84699,0.5147999999999999
2021-09-02,ONMOBILE,EQ,114.7,114.1,124.6,114.1,123.5,123.45,121.16,1542660,18690287360000.0,19518,709122,0.4597
2021-09-03,ONMOBILE,EQ,123.45,123.95,124.9,119.5,121.3,121.55,122.13,616666,7531346430000.0,9415,275732,0.4471
2021-09-06,ONMOBILE,EQ,121.55,122.2,126.0,121.45,123.6,123.4,123.81,651573,8067295070000.0,9192,319028,0.48960000000000004
2021-09-07,ONMOBILE,EQ,123.4,124.05,124.05,117.3,119.85,119.65,119.95,348837,4184366029999.9995,5968,163801,0.4696
2021-09-08,ONMOBILE,EQ,119.65,120.0,121.5,118.0,118.8,119.1,119.23,249170,2970933935000.0,5061,125971,0.5056
2021-09-09,ONMOBILE,EQ,119.1,118.95,123.4,118.25,118.85,118.85,120.59,429082,5174196280000.0,6478,184435,0.42979999999999996
2021-09-13,ONMOBILE,EQ,118.85,118.05,118.65,114.6,115.55,115.45,115.91,501425,5812133550000.0,6484,307211,0.6127
2021-09-14,ONMOBILE,EQ,115.45,116.75,118.3,115.5,115.65,115.85,116.37,439015,5108634410000.0,6448,270332,0.6158
2021-09-15,ONMOBILE,EQ,115.85,116.5,119.8,115.8,117.05,116.9,117.34,500195,5869124620000.0,7247,225540,0.4509
2021-09-16,ONMOBILE,EQ,116.9,117.45,127.45,117.25,122.55,122.95,123.99,2181280,27044826910000.004,25955,709622,0.32530000000000003
2021-09-17,ONMOBILE,EQ,122.95,123.5,124.35,118.3,119.8,119.3,120.34,528552,6360562050000.0,7665,285480,0.5401
2021-09-20,ONMOBILE,EQ,119.3,117.4,118.85,114.2,115.0,114.85,116.36,413537,4811724570000.0,7068,266296,0.6439
2021-09-21,ONMOBILE,EQ,114.85,114.15,115.0,109.0,114.0,114.25,111.88,637101,7127638655000.0,8933,351102,0.5511
2021-09-22,ONMOBILE,EQ,114.25,114.8,117.0,110.0,114.9,114.8,114.72,369352,4237320604999.9995,5988,185184,0.5014000000000001
2021-09-23,ONMOBILE,EQ,114.8,116.0,118.45,115.25,115.75,115.6,116.65,268945,3137327295000.0,3906,153732,0.5716
2021-09-24,ONMOBILE,EQ,115.6,116.5,117.0,113.0,114.1,113.35,114.66,292432,3352927280000.0,4490,179945,0.6153000000000001
2021-09-27,ONMOBILE,EQ,113.35,114.7,115.55,112.25,113.35,112.9,113.62,303905,3452851640000.0,4830,183479,0.6037
2021-09-28,ONMOBILE,EQ,112.9,113.45,117.0,112.35,114.3,113.7,114.25,431029,4924432400000.0,7622,184488,0.428
2021-09-29,ONMOBILE,EQ,113.7,113.75,116.0,113.1,113.65,113.4,114.01,236468,2695948070000.0,3647,140895,0.5958
2021-09-30,ONMOBILE,EQ,113.4,114.0,115.5,112.8,113.8,113.35,113.77,228640,2601182335000.0,4181,110459,0.48310000000000003
2021-10-01,ONMOBILE,EQ,113.35,113.35,113.5,110.8,112.2,112.25,112.38,304574,3422744815000.0,5345,165225,0.5425
2021-10-04,ONMOBILE,EQ,112.25,113.0,114.25,112.1,113.0,112.75,112.97,326559,3689123770000.0005,4169,191975,0.5879
2021-10-05,ONMOBILE,EQ,112.75,112.75,115.35,112.55,114.7,114.55,114.22,328723,3754674315000.0,5256,207042,0.6298
2021-10-06,ONMOBILE,EQ,114.55,114.15,118.7,114.15,114.95,114.75,116.6,595201,6940322905000.0,8911,251828,0.42310000000000003
2021-10-07,ONMOBILE,EQ,114.75,115.55,119.0,114.4,115.5,115.1,116.39,497143,5786147915000.0,6368,249589,0.502
2021-10-08,ONMOBILE,EQ,115.1,116.0,123.0,114.8,118.4,118.2,119.95,1396648,16753280965000.0,19144,572434,0.40990000000000004
2021-10-11,ONMOBILE,EQ,118.2,119.25,125.25,118.0,124.55,124.05,122.7,1625551,19945762445000.0,20356,730659,0.4495
2021-10-12,ONMOBILE,EQ,124.05,124.85,126.55,120.75,121.95,121.7,123.15,749166,9225957090000.0,12092,325201,0.4341
2021-10-13,ONMOBILE,EQ,121.7,122.65,124.9,118.4,119.0,119.15,121.17,616578,7471317215000.001,9063,367690,0.5963
2021-10-14,ONMOBILE,EQ,119.15,119.2,122.8,118.0,118.15,118.15,119.5,339382,4055457745000.0005,5464,158706,0.4676
2021-10-18,ONMOBILE,EQ,118.15,121.1,127.0,121.1,123.55,123.15,123.82,1207605,14952057119999.998,13514,632889,0.5241
2021-10-19,ONMOBILE,EQ,123.15,124.25,125.6,115.9,116.0,117.7,120.54,668606,8059439555000.0,8262,456074,0.6820999999999999
2021-10-20,ONMOBILE,EQ,117.7,117.7,121.3,114.4,119.0,119.1,118.47,562300,6661729515000.0,11810,289638,0.5151
2021-10-21,ONMOBILE,EQ,119.1,121.8,121.8,116.8,117.9,117.65,118.21,171147,2023093814999.9998,4041,96479,0.5637
2021-10-22,ONMOBILE,EQ,117.65,118.65,119.4,115.0,116.3,115.6,116.69,201732,2353990345000.0,4532,104719,0.5191
2021-10-25,ONMOBILE,EQ,115.6,116.45,116.65,112.0,113.3,112.85,113.27,217107,2459096990000.0,4597,139531,0.6426999999999999
2021-10-26,ONMOBILE,EQ,112.85,113.4,115.3,113.05,114.0,113.65,114.06,128203,1462249180000.0,3406,75804,0.5913
2021-10-27,ONMOBILE,EQ,113.65,114.4,115.25,112.2,113.1,113.55,113.74,212145,2413029900000.0,3678,140141,0.6606000000000001
2021-10-28,ONMOBILE,EQ,113.55,113.5,113.5,110.0,111.0,110.3,111.05,296644,3294328730000.0,5680,201563,0.6795
2021-10-29,ONMOBILE,EQ,110.3,110.35,112.55,108.25,111.75,111.15,110.84,150715,1670554055000.0,3650,82283,0.546
2021-11-01,ONMOBILE,EQ,111.15,110.8,113.9,110.8,113.1,112.8,112.44,190401,2140784639999.9998,3238,119755,0.629
2021-11-02,ONMOBILE,EQ,112.8,114.4,115.5,112.6,114.35,114.55,114.56,185097,2120502070000.0,3604,121731,0.6577
2021-11-03,ONMOBILE,EQ,114.55,114.95,116.25,113.0,114.0,114.15,114.64,246905,2830480435000.0,4126,153039,0.6198
2021-11-04,ONMOBILE,EQ,114.15,115.3,116.0,114.2,115.9,115.7,115.49,70699,816526325000.0,1364,49413,0.6989
2021-11-08,ONMOBILE,EQ,115.7,116.1,116.35,112.6,113.7,113.2,113.78,255322,2905147755000.0,4588,166255,0.6512000000000001
2021-11-09,ONMOBILE,EQ,113.2,113.5,120.0,113.25,117.35,117.55,117.36,562494,6601207720000.0,7820,334809,0.5952000000000001
2021-11-10,ONMOBILE,EQ,117.55,110.0,119.0,109.2,115.0,114.25,114.37,1125265,12869781745000.0,11761,625751,0.5561
2021-11-11,ONMOBILE,EQ,114.25,113.55,115.25,112.85,113.2,113.05,113.48,214497,2434214215000.0,3090,127062,0.5924
2021-11-12,ONMOBILE,EQ,113.05,113.85,114.0,110.0,111.35,110.85,111.69,547726,6117773600000.0,7673,377870,0.6899
2021-11-15,ONMOBILE,EQ,110.85,111.9,116.25,110.75,112.75,112.6,113.37,393688,4463225810000.0,6335,180190,0.45770000000000005
2021-11-16,ONMOBILE,EQ,112.6,112.7,114.45,111.8,112.25,112.05,112.72,310845,3503792695000.0005,4061,182108,0.5858
2021-11-17,ONMOBILE,EQ,112.05,112.1,113.95,111.4,112.4,112.45,112.86,230144,2597367975000.0,2905,147961,0.6429
2021-11-18,ONMOBILE,EQ,112.45,112.85,112.95,107.5,110.0,109.7,109.45,405648,4439936630000.0,7139,248780,0.6133
2021-11-22,ONMOBILE,EQ,109.7,109.0,109.7,99.8,103.25,102.75,103.28,931576,9621209955000.0,16902,544458,0.5844
2021-11-23,ONMOBILE,EQ,102.75,99.3,104.15,99.3,103.75,103.45,102.86,258617,2660194165000.0,4690,133485,0.5161
2021-11-24,ONMOBILE,EQ,103.45,105.0,109.9,103.75,105.5,105.5,106.88,413330,4417536790000.0,6900,232487,0.5625
2021-11-25,ONMOBILE,EQ,105.5,107.0,110.5,106.45,108.85,108.5,108.78,280204,3048133645000.0,5102,127192,0.4539
2021-11-26,ONMOBILE,EQ,108.5,105.05,107.05,102.0,103.5,103.45,104.71,329268,3447700460000.0,5902,215521,0.6545000000000001
2021-11-29,ONMOBILE,EQ,103.45,104.3,105.0,99.1,100.9,100.5,102.03,352066,3591967570000.0005,7595,152698,0.4337
2021-11-30,ONMOBILE,EQ,100.5,102.5,104.85,100.65,101.75,101.45,102.68,218965,2248437780000.0,4485,88123,0.4025
2021-12-01,ONMOBILE,EQ,101.45,103.0,103.5,100.8,102.8,102.55,102.24,147186,1504848735000.0,3155,72376,0.4917
2021-12-02,ONMOBILE,EQ,102.55,103.0,104.7,101.8,104.5,103.2,103.1,173317,1786927610000.0002,3067,84562,0.4879
2021-12-03,ONMOBILE,EQ,103.2,103.8,107.0,102.7,104.5,104.5,104.74,511369,5356210030000.0,6147,299344,0.5854
2021-12-06,ONMOBILE,EQ,104.5,107.1,107.75,102.55,103.9,103.4,105.06,201700,2118973875000.0,4313,94531,0.4687
2021-12-07,ONMOBILE,EQ,103.4,103.6,104.8,103.0,104.5,103.9,103.93,125647,1305822455000.0,2653,66248,0.5273
2021-12-08,ONMOBILE,EQ,103.9,106.05,109.25,103.85,106.3,106.1,106.35,412808,4390007625000.0,7138,185535,0.44939999999999997
2021-12-09,ONMOBILE,EQ,106.1,106.5,108.75,105.3,105.95,105.6,106.7,322607,3442261090000.0,4339,170443,0.5283
2021-12-10,ONMOBILE,EQ,105.6,105.6,109.7,105.6,109.0,108.5,107.95,434015,4685366005000.0,6006,195552,0.45060000000000006
2021-12-13,ONMOBILE,EQ,108.5,109.8,110.15,105.35,105.75,105.7,107.36,681997,7321671295000.0,10195,335818,0.4924
2021-12-14,ONMOBILE,EQ,105.7,105.1,107.25,104.85,106.2,106.3,106.36,181701,1932559030000.0,2900,94262,0.5188
2021-12-15,ONMOBILE,EQ,106.3,106.95,109.4,106.0,107.5,107.1,107.11,224906,2408893820000.0,3867,104295,0.4637
2021-12-16,ONMOBILE,EQ,107.1,108.35,108.35,104.8,105.5,105.3,106.07,180727,1916910855000.0,2718,113093,0.6258
2021-12-17,ONMOBILE,EQ,105.3,104.4,104.95,101.0,101.9,101.35,102.13,386600,3948471254999.9995,5462,236580,0.612
2021-12-20,ONMOBILE,EQ,101.35,100.0,100.9,95.5,96.6,96.45,97.66,377860,3690109910000.0,6309,207779,0.5499
2021-12-21,ONMOBILE,EQ,96.45,98.0,103.4,96.9,100.35,100.3,100.81,520908,5251118990000.0,7926,187806,0.3605
2021-12-22,ONMOBILE,EQ,100.3,101.3,102.55,97.4,98.45,98.2,99.05,523999,5190399105000.0,7821,320489,0.6116
2021-12-23,ONMOBILE,EQ,98.2,98.55,101.0,98.55,99.55,99.4,99.61,255188,2542028230000.0,4151,116745,0.4575
2021-12-24,ONMOBILE,EQ,99.4,99.5,101.0,95.8,96.5,96.35,97.48,364644,3554668020000.0005,4690,229521,0.6294
2021-12-27,ONMOBILE,EQ,96.35,96.35,97.0,94.55,95.2,95.05,95.41,325352,3104269910000.0,4250,175985,0.5409
2021-12-28,ONMOBILE,EQ,95.05,96.2,108.35,95.25,103.95,104.0,104.37,2557220,26688428480000.0,23046,716766,0.2803
2021-12-29,ONMOBILE,EQ,104.0,103.05,105.9,101.8,102.5,102.35,103.58,649427,6726447080000.0,8683,242374,0.37320000000000003
2021-12-30,ONMOBILE,EQ,102.35,102.5,103.95,99.0,99.8,99.8,101.02,399192,4032756515000.0,5445,218286,0.5468000000000001
2021-12-31,ONMOBILE,EQ,99.8,100.35,104.1,100.05,102.4,102.4,102.45,513035,5255837690000.0,6721,194840,0.37979999999999997
2022-01-03,ONMOBILE,EQ,102.4,102.8,106.0,102.8,105.25,105.0,104.56,490958,5133525205000.0,5772,269578,0.5491
2022-01-04,ONMOBILE,EQ,105.0,105.55,106.25,104.1,105.75,105.3,105.19,358825,3774641785000.0,4301,203349,0.5667
2022-01-05,ONMOBILE,EQ,105.3,105.3,115.7,104.5,111.0,111.75,112.0,2836529,31768123700000.0,31977,1057187,0.37270000000000003
2022-01-06,ONMOBILE,EQ,111.75,110.3,112.0,108.5,110.3,110.55,110.28,706101,7787072745000.0,7762,307589,0.43560000000000004
2022-01-07,ONMOBILE,EQ,110.55,111.45,115.4,111.0,113.4,113.8,113.44,1050870,11921084275000.0,11574,425456,0.40490000000000004
2022-01-10,ONMOBILE,EQ,113.8,114.4,118.2,113.25,116.4,116.75,115.78,973357,11269871335000.0,10336,409120,0.4203
2022-01-11,ONMOBILE,EQ,116.75,117.4,123.95,114.5,121.0,120.35,120.21,1764091,21206837545000.0,21125,828522,0.4697
2022-01-12,ONMOBILE,EQ,120.35,121.6,125.4,119.4,122.5,122.4,122.76,1268298,15569746444999.998,14656,644215,0.5079
2022-01-13,ONMOBILE,EQ,122.4,122.45,122.7,118.45,119.4,118.85,120.27,625314,7520776284999.999,7426,332033,0.531
2022-01-14,ONMOBILE,EQ,118.85,119.6,123.0,118.1,122.8,121.55,120.67,533115,6432922345000.0,6074,298104,0.5592
2022-01-17,ONMOBILE,EQ,121.55,124.5,138.0,123.95,134.95,134.65,131.6,5068651,66703637620000.01,47733,2186773,0.4314
2022-01-18,ONMOBILE,EQ,134.65,137.0,137.05,128.0,129.7,128.85,131.55,1508988,19850890940000.0,19443,654072,0.4335
2022-01-19,ONMOBILE,EQ,128.85,129.0,154.6,127.55,154.6,153.75,147.97,14571544,215614867005000.03,125824,3962973,0.272
2022-01-20,ONMOBILE,EQ,153.75,155.4,165.0,149.2,155.3,154.9,158.04,12469363,197063041650000.0,124651,2708805,0.2172
2022-01-21,ONMOBILE,EQ,154.9,152.9,162.0,150.6,155.05,154.7,157.32,5673767,89257308365000.0,59575,1106869,0.19510000000000002
2022-01-24,ONMOBILE,EQ,154.7,157.9,165.5,141.0,142.5,143.55,153.46,7410110,113714478930000.0,80552,844874,0.3048
2022-01-25,ONMOBILE,EQ,143.55,141.95,152.95,138.0,150.35,150.8,148.23,3174901,47061686530000.0,33706,806532,0.254
2022-01-27,ONMOBILE,EQ,150.8,145.0,150.8,144.1,146.0,146.75,148.23,1338960,19846942520000.0,15954,469559,0.3507
2022-01-28,ONMOBILE,EQ,146.75,148.0,152.75,138.3,139.9,140.15,146.24,1330696,19460716830000.0,14629,485442,0.36479999999999996
